{
    "llm_time": 0.49825501441955566,
    "ldm_time": 32.529804706573486,
    "pipeline_time": 2082.094347000122,
    "llm_metrics": {
        "vocab_diversity": 0.6140350877192983,
        "avg_sentence_length": 19.0,
        "perplexity": 30.055786812270863
    },
    "story_context_fid": {
        "context_fid": 0.030705749988555908,
        "avg_similarity": 0.6390312910079956
    },
    "image_metrics": {
        "avg_ssim": 0.20580887187727792,
        "diversity": 1380.9072985145103
    }
}