{
    "llm_time": 0.6989691257476807,
    "ldm_time": 24.84927248954773,
    "pipeline_time": 1292.0324223041534,
    "llm_metrics": {
        "vocab_diversity": 0.6551724137931034,
        "avg_sentence_length": 19.333333333333332,
        "perplexity": 30.297081446931678
    },
    "story_context_fid": {
        "context_fid": 0.0858905017375946,
        "avg_similarity": 0.6340121030807495
    },
    "image_metrics": {
        "avg_ssim": 0.044319446472021816,
        "diversity": 4166.90669478792
    }
}