{
    "llm_time": 1.5025932788848877,
    "ldm_time": 11.851189136505127,
    "pipeline_time": 114.06182050704956,
    "llm_metrics": {
        "vocab_diversity": 0.5925925925925926,
        "avg_sentence_length": 9.0,
        "perplexity": 14.765467134792624
    },
    "story_context_fid": {
        "context_fid": 0.005495965480804443,
        "avg_similarity": 0.10379085689783096
    },
    "image_metrics": {
        "avg_ssim": 0.10323565095758874,
        "diversity": 6164.197289018492
    }
}