{
    "llm_time": 1.0406827926635742,
    "ldm_time": 32.007922410964966,
    "pipeline_time": 2124.1298174858093,
    "llm_metrics": {
        "vocab_diversity": 0.5510204081632653,
        "avg_sentence_length": 16.333333333333332,
        "perplexity": 22.994242936113327
    },
    "story_context_fid": {
        "context_fid": 0.03467109799385071,
        "avg_similarity": 0.6030689477920532
    },
    "image_metrics": {
        "avg_ssim": 0.2444950817289808,
        "diversity": 6806.665568813144
    }
}