{
    "llm_time": 0.6561703681945801,
    "ldm_time": 31.538961172103882,
    "pipeline_time": 1788.6540665626526,
    "llm_metrics": {
        "vocab_diversity": 0.49122807017543857,
        "avg_sentence_length": 19.0,
        "perplexity": 23.650357342129055
    },
    "story_context_fid": {
        "context_fid": 0.18176448345184326,
        "avg_similarity": 0.8182355165481567
    },
    "image_metrics": {
        "avg_ssim": 0.16624977780648145,
        "diversity": 9303.972716929939
    }
}