{
    "llm_time": 1.4497497081756592,
    "ldm_time": 24.005632638931274,
    "pipeline_time": 519.6334960460663,
    "llm_metrics": {
        "vocab_diversity": 0.6363636363636364,
        "avg_sentence_length": 22.0,
        "perplexity": 32.039434682756905
    },
    "story_context_fid": {
        "context_fid": 0.10360360145568848,
        "avg_similarity": 0.6412510871887207
    },
    "image_metrics": {
        "avg_ssim": 0.11711748512702237,
        "diversity": 3632.3115698091697
    }
}