{
    "llm_time": 0.7601597309112549,
    "ldm_time": 12.032839298248291,
    "pipeline_time": 135.68545079231262,
    "llm_metrics": {
        "vocab_diversity": 0.59375,
        "avg_sentence_length": 10.666666666666666,
        "perplexity": 17.634387122475196
    },
    "story_context_fid": {
        "context_fid": 0.002776913344860077,
        "avg_similarity": 0.10650990903377533
    },
    "image_metrics": {
        "avg_ssim": 0.11118171844873069,
        "diversity": 2134.0526249247796
    }
}