{
    "llm_time": 1.1448781490325928,
    "ldm_time": 33.07338237762451,
    "pipeline_time": 2051.033119916916,
    "llm_metrics": {
        "vocab_diversity": 0.5822784810126582,
        "avg_sentence_length": 26.333333333333332,
        "perplexity": 32.42077981833981
    },
    "story_context_fid": {
        "context_fid": 0.0006300210952758789,
        "avg_similarity": 0.5408804416656494
    },
    "image_metrics": {
        "avg_ssim": 0.18228135774990065,
        "diversity": 6541.407664096949
    }
}