{
    "llm_time": 0.5041985511779785,
    "ldm_time": 24.364386320114136,
    "pipeline_time": 1325.9306771755219,
    "llm_metrics": {
        "vocab_diversity": 0.6909090909090909,
        "avg_sentence_length": 18.333333333333332,
        "perplexity": 33.957034728040874
    },
    "story_context_fid": {
        "context_fid": 0.15623660385608673,
        "avg_similarity": 0.3344305753707886
    },
    "image_metrics": {
        "avg_ssim": 0.08197155223796415,
        "diversity": 1903.5071148944508
    }
}