{
    "llm_time": 0.6326572895050049,
    "ldm_time": 25.698718070983887,
    "pipeline_time": 1610.8602948188782,
    "llm_metrics": {
        "vocab_diversity": 0.6458333333333334,
        "avg_sentence_length": 16.0,
        "perplexity": 27.51732317656069
    },
    "story_context_fid": {
        "context_fid": 0.009516745805740356,
        "avg_similarity": 0.6072120666503906
    },
    "image_metrics": {
        "avg_ssim": 0.21869075864193877,
        "diversity": 11721.342821911161
    }
}