{
    "llm_time": 1.532912254333496,
    "ldm_time": 25.541470766067505,
    "pipeline_time": 1393.8738384246826,
    "llm_metrics": {
        "vocab_diversity": 0.5,
        "avg_sentence_length": 16.666666666666668,
        "perplexity": 21.95038942706044
    },
    "story_context_fid": {
        "context_fid": 0.16704025864601135,
        "avg_similarity": 0.832959771156311
    },
    "image_metrics": {
        "avg_ssim": 0.16990914151514877,
        "diversity": 4104.067380918457
    }
}