{
    "llm_time": 1.433412790298462,
    "ldm_time": 29.311366319656372,
    "pipeline_time": 1105.7415204048157,
    "llm_metrics": {
        "vocab_diversity": 0.4444444444444444,
        "avg_sentence_length": 12.0,
        "perplexity": 15.207738048392038
    },
    "story_context_fid": {
        "context_fid": 0.0,
        "avg_similarity": 0.1092868223786354
    },
    "image_metrics": {
        "avg_ssim": 0.08577574769695213,
        "diversity": 567.2526447087369
    }
}