{
    "llm_time": 0.7444920539855957,
    "ldm_time": 13.717873334884644,
    "pipeline_time": 313.0980181694031,
    "llm_metrics": {
        "vocab_diversity": 0.7575757575757576,
        "avg_sentence_length": 11.0,
        "perplexity": 22.485444485688074
    },
    "story_context_fid": {
        "context_fid": 0.0035776235163211823,
        "avg_similarity": 0.10570919513702393
    },
    "image_metrics": {
        "avg_ssim": 0.15918050176082466,
        "diversity": 766.7542083695481
    }
}