{
    "llm_time": 0.6029415130615234,
    "ldm_time": 32.31373596191406,
    "pipeline_time": 2249.1373975276947,
    "llm_metrics": {
        "vocab_diversity": 0.7647058823529411,
        "avg_sentence_length": 17.0,
        "perplexity": 36.057655144953706
    },
    "story_context_fid": {
        "context_fid": 0.19069863855838776,
        "avg_similarity": 0.43074318766593933
    },
    "image_metrics": {
        "avg_ssim": 0.16056350332746694,
        "diversity": 12532.639333951536
    }
}