{
    "llm_time": 0.7750024795532227,
    "ldm_time": 20.806910276412964,
    "pipeline_time": 586.1415882110596,
    "llm_metrics": {
        "vocab_diversity": 0.7073170731707317,
        "avg_sentence_length": 13.666666666666666,
        "perplexity": 24.579599516077547
    },
    "story_context_fid": {
        "context_fid": 0.0042514316737651825,
        "avg_similarity": 0.11353828012943268
    },
    "image_metrics": {
        "avg_ssim": 0.15399366830270908,
        "diversity": 6841.582502074964
    }
}