{
    "llm_time": 1.5981640815734863,
    "ldm_time": 20.720807313919067,
    "pipeline_time": 698.8377087116241,
    "llm_metrics": {
        "vocab_diversity": 0.6075949367088608,
        "avg_sentence_length": 26.333333333333332,
        "perplexity": 37.38948607038469
    },
    "story_context_fid": {
        "context_fid": 0.08224868774414062,
        "avg_similarity": 0.5383358597755432
    },
    "image_metrics": {
        "avg_ssim": 0.14726336587484426,
        "diversity": 25995.012670196764
    }
}