{
    "llm_time": 0.8852839469909668,
    "ldm_time": 33.28896188735962,
    "pipeline_time": 2309.2727036476135,
    "llm_metrics": {
        "vocab_diversity": 0.6041666666666666,
        "avg_sentence_length": 32.0,
        "perplexity": 42.29461882978977
    },
    "story_context_fid": {
        "context_fid": 0.04770854115486145,
        "avg_similarity": 0.5551135540008545
    },
    "image_metrics": {
        "avg_ssim": 0.18516519312720114,
        "diversity": 7952.587620748168
    }
}