{
    "llm_time": 0.704657793045044,
    "ldm_time": 32.26455640792847,
    "pipeline_time": 2166.1410217285156,
    "llm_metrics": {
        "vocab_diversity": 0.8275862068965517,
        "avg_sentence_length": 9.666666666666666,
        "perplexity": 22.834660085079356
    },
    "story_context_fid": {
        "context_fid": 0.039756372570991516,
        "avg_similarity": 0.18438021838665009
    },
    "image_metrics": {
        "avg_ssim": 0.1653986718188684,
        "diversity": 47366.7069738744
    }
}