{
    "llm_time": 1.5104036331176758,
    "ldm_time": 12.311769723892212,
    "pipeline_time": 182.31459665298462,
    "llm_metrics": {
        "vocab_diversity": 0.7090909090909091,
        "avg_sentence_length": 18.333333333333332,
        "perplexity": 33.59320674252446
    },
    "story_context_fid": {
        "context_fid": 0.17942750453948975,
        "avg_similarity": 0.3144471049308777
    },
    "image_metrics": {
        "avg_ssim": 0.04666608566147731,
        "diversity": 988.7825171982901
    }
}