{
    "llm_time": 0.5821533203125,
    "ldm_time": 13.11197543144226,
    "pipeline_time": 355.3052091598511,
    "llm_metrics": {
        "vocab_diversity": 0.6060606060606061,
        "avg_sentence_length": 22.0,
        "perplexity": 31.759365225638263
    },
    "story_context_fid": {
        "context_fid": 0.0060454607009887695,
        "avg_similarity": 0.7048810124397278
    },
    "image_metrics": {
        "avg_ssim": 0.10636051678910718,
        "diversity": 3879.494119601341
    }
}