{
    "llm_time": 1.1051969528198242,
    "ldm_time": 32.268561124801636,
    "pipeline_time": 2093.6619732379913,
    "llm_metrics": {
        "vocab_diversity": 0.5942028985507246,
        "avg_sentence_length": 23.0,
        "perplexity": 33.273503207190856
    },
    "story_context_fid": {
        "context_fid": 0.1354498416185379,
        "avg_similarity": 0.6326257586479187
    },
    "image_metrics": {
        "avg_ssim": 0.15236265661868212,
        "diversity": 5696.719239450326
    }
}