{
    "llm_time": 1.4523212909698486,
    "ldm_time": 11.929349184036255,
    "pipeline_time": 110.88179969787598,
    "llm_metrics": {
        "vocab_diversity": 0.484375,
        "avg_sentence_length": 21.333333333333332,
        "perplexity": 27.98931453657192
    },
    "story_context_fid": {
        "context_fid": 0.0025222301483154297,
        "avg_similarity": 0.5536847710609436
    },
    "image_metrics": {
        "avg_ssim": 0.0462227723030507,
        "diversity": 947.1946793923572
    }
}