{
    "llm_time": 1.431903600692749,
    "ldm_time": 13.400829792022705,
    "pipeline_time": 378.80324935913086,
    "llm_metrics": {
        "vocab_diversity": 0.4444444444444444,
        "avg_sentence_length": 12.0,
        "perplexity": 15.207738048392038
    },
    "story_context_fid": {
        "context_fid": 0.0,
        "avg_similarity": 0.1092868223786354
    },
    "image_metrics": {
        "avg_ssim": 0.1140441945121633,
        "diversity": 11194.270575640017
    }
}