{
    "llm_time": 2.26731538772583,
    "ldm_time": 20.96418023109436,
    "pipeline_time": 283.1888267993927,
    "llm_metrics": {
        "vocab_diversity": 0.6181818181818182,
        "avg_sentence_length": 18.333333333333332,
        "perplexity": 28.604903423658712
    },
    "story_context_fid": {
        "context_fid": 0.012867659330368042,
        "avg_similarity": 0.5317968130111694
    },
    "image_metrics": {
        "avg_ssim": 0.22687992629165765,
        "diversity": 3766.908943533998
    }
}