{
    "llm_time": 1.1683344841003418,
    "ldm_time": 32.842920541763306,
    "pipeline_time": 2222.783392906189,
    "llm_metrics": {
        "vocab_diversity": 0.6756756756756757,
        "avg_sentence_length": 12.333333333333334,
        "perplexity": 22.30345420968309
    },
    "story_context_fid": {
        "context_fid": 0.348275750875473,
        "avg_similarity": 0.3638615310192108
    },
    "image_metrics": {
        "avg_ssim": 0.12210783075976757,
        "diversity": 8508.557938750086
    }
}