{
    "llm_time": 0.7738738059997559,
    "ldm_time": 25.126583099365234,
    "pipeline_time": 1361.1770977973938,
    "llm_metrics": {
        "vocab_diversity": 0.625,
        "avg_sentence_length": 18.666666666666668,
        "perplexity": 31.00093807781333
    },
    "story_context_fid": {
        "context_fid": 0.05814191699028015,
        "avg_similarity": 0.6568320989608765
    },
    "image_metrics": {
        "avg_ssim": 0.05917579582921151,
        "diversity": 2596.431331620059
    }
}