{
    "llm_time": 1.7682585716247559,
    "ldm_time": 13.20331358909607,
    "pipeline_time": 531.8527908325195,
    "llm_metrics": {
        "vocab_diversity": 0.5964912280701754,
        "avg_sentence_length": 19.0,
        "perplexity": 30.369822029435195
    },
    "story_context_fid": {
        "context_fid": 0.05341815948486328,
        "avg_similarity": 0.7267975211143494
    },
    "image_metrics": {
        "avg_ssim": 0.14911919205180715,
        "diversity": 6758.737775597941
    }
}