{
    "llm_time": 1.7056043148040771,
    "ldm_time": 25.587129592895508,
    "pipeline_time": 1011.5503904819489,
    "llm_metrics": {
        "vocab_diversity": 0.5,
        "avg_sentence_length": 50.666666666666664,
        "perplexity": 49.01952632275253
    },
    "story_context_fid": {
        "context_fid": 0.01972368359565735,
        "avg_similarity": 0.7296148538589478
    },
    "image_metrics": {
        "avg_ssim": 0.07594677206908731,
        "diversity": 7602.000036780835
    }
}