{
    "llm_time": 3.6822986602783203,
    "ldm_time": 24.117141723632812,
    "pipeline_time": 657.1385204792023,
    "llm_metrics": {
        "vocab_diversity": 0.5833333333333334,
        "avg_sentence_length": 12.0,
        "perplexity": 18.788085796050854
    },
    "story_context_fid": {
        "context_fid": 0.069668710231781,
        "avg_similarity": 0.7739273905754089
    },
    "image_metrics": {
        "avg_ssim": 0.04599362028965539,
        "diversity": 2893.968744221523
    }
}