{
    "llm_time": 1.1922388076782227,
    "ldm_time": 23.974432945251465,
    "pipeline_time": 996.8894469738007,
    "llm_metrics": {
        "vocab_diversity": 0.6229508196721312,
        "avg_sentence_length": 20.333333333333332,
        "perplexity": 30.444162904055897
    },
    "story_context_fid": {
        "context_fid": 0.04409816861152649,
        "avg_similarity": 0.5560749769210815
    },
    "image_metrics": {
        "avg_ssim": 0.041459078552397534,
        "diversity": 2962.0902554509444
    }
}