{
    "llm_time": 1.360703706741333,
    "ldm_time": 32.92997217178345,
    "pipeline_time": 2266.2338247299194,
    "llm_metrics": {
        "vocab_diversity": 0.5909090909090909,
        "avg_sentence_length": 29.333333333333332,
        "perplexity": 42.25571242938533
    },
    "story_context_fid": {
        "context_fid": 0.032416582107543945,
        "avg_similarity": 0.642619788646698
    },
    "image_metrics": {
        "avg_ssim": 0.19902788247865533,
        "diversity": 8102.048496005261
    }
}