{
    "llm_time": 0.8882687091827393,
    "ldm_time": 25.0965576171875,
    "pipeline_time": 1536.4323060512543,
    "llm_metrics": {
        "vocab_diversity": 0.6296296296296297,
        "avg_sentence_length": 18.0,
        "perplexity": 28.15775757206456
    },
    "story_context_fid": {
        "context_fid": 0.032865434885025024,
        "avg_similarity": 0.5769277811050415
    },
    "image_metrics": {
        "avg_ssim": 0.285982929087443,
        "diversity": 3611.3133232037744
    }
}