{
    "llm_time": 1.4159789085388184,
    "ldm_time": 23.513582229614258,
    "pipeline_time": 963.0128605365753,
    "llm_metrics": {
        "vocab_diversity": 0.5806451612903226,
        "avg_sentence_length": 20.666666666666668,
        "perplexity": 27.445334241765188
    },
    "story_context_fid": {
        "context_fid": 0.02300363779067993,
        "avg_similarity": 0.5257378220558167
    },
    "image_metrics": {
        "avg_ssim": 0.06064117934373251,
        "diversity": 3668.2391632962826
    }
}