{
    "llm_time": 1.3696563243865967,
    "ldm_time": 21.068015575408936,
    "pipeline_time": 709.1099789142609,
    "llm_metrics": {
        "vocab_diversity": 0.7209302325581395,
        "avg_sentence_length": 14.333333333333334,
        "perplexity": 27.81715800676311
    },
    "story_context_fid": {
        "context_fid": 0.05997210741043091,
        "avg_similarity": 0.24647247791290283
    },
    "image_metrics": {
        "avg_ssim": 0.23850162834154653,
        "diversity": 12710.769387702387
    }
}