{
    "llm_time": 0.7402188777923584,
    "ldm_time": 25.273237943649292,
    "pipeline_time": 1465.9710185527802,
    "llm_metrics": {
        "vocab_diversity": 0.6235294117647059,
        "avg_sentence_length": 28.333333333333332,
        "perplexity": 41.28887153996015
    },
    "story_context_fid": {
        "context_fid": 0.01817193627357483,
        "avg_similarity": 0.5104779005050659
    },
    "image_metrics": {
        "avg_ssim": 0.11428954052678286,
        "diversity": 9452.22703781092
    }
}