{
    "llm_time": 0.7227737903594971,
    "ldm_time": 13.804469108581543,
    "pipeline_time": 360.1620988845825,
    "llm_metrics": {
        "vocab_diversity": 0.6428571428571429,
        "avg_sentence_length": 28.0,
        "perplexity": 43.27332964721662
    },
    "story_context_fid": {
        "context_fid": 0.0835534930229187,
        "avg_similarity": 0.7142782211303711
    },
    "image_metrics": {
        "avg_ssim": 0.18368866041977672,
        "diversity": 5681.403358541494
    }
}