{
    "llm_time": 1.3534042835235596,
    "ldm_time": 25.93291997909546,
    "pipeline_time": 902.2310287952423,
    "llm_metrics": {
        "vocab_diversity": 0.640625,
        "avg_sentence_length": 21.333333333333332,
        "perplexity": 33.36650479484238
    },
    "story_context_fid": {
        "context_fid": 0.07457351684570312,
        "avg_similarity": 0.6587720513343811
    },
    "image_metrics": {
        "avg_ssim": 0.1266081430470358,
        "diversity": 9363.186979750139
    }
}