{
    "llm_time": 0.5018062591552734,
    "ldm_time": 21.09105610847473,
    "pipeline_time": 770.5516140460968,
    "llm_metrics": {
        "vocab_diversity": 0.6065573770491803,
        "avg_sentence_length": 20.333333333333332,
        "perplexity": 30.298336886742142
    },
    "story_context_fid": {
        "context_fid": 0.08410331606864929,
        "avg_similarity": 0.6132688522338867
    },
    "image_metrics": {
        "avg_ssim": 0.17646729396418157,
        "diversity": 11429.17897329341
    }
}