{
    "llm_time": 0.6074926853179932,
    "ldm_time": 23.97498607635498,
    "pipeline_time": 1188.6038239002228,
    "llm_metrics": {
        "vocab_diversity": 0.5606060606060606,
        "avg_sentence_length": 22.0,
        "perplexity": 31.81437990868881
    },
    "story_context_fid": {
        "context_fid": 0.06648294627666473,
        "avg_similarity": 0.37377434968948364
    },
    "image_metrics": {
        "avg_ssim": 0.1159861344177781,
        "diversity": 1337.4631873232624
    }
}