{
    "llm_time": 1.2675130367279053,
    "ldm_time": 32.324613094329834,
    "pipeline_time": 1452.688291311264,
    "llm_metrics": {
        "vocab_diversity": 0.6039603960396039,
        "avg_sentence_length": 33.666666666666664,
        "perplexity": 41.24358071805042
    },
    "story_context_fid": {
        "context_fid": 0.0951138585805893,
        "avg_similarity": 0.5671077370643616
    },
    "image_metrics": {
        "avg_ssim": 0.21909094632623302,
        "diversity": 19676.514481359114
    }
}