{
    "llm_time": 1.5214557647705078,
    "ldm_time": 21.095709323883057,
    "pipeline_time": 158.23769307136536,
    "llm_metrics": {
        "vocab_diversity": 0.6379310344827587,
        "avg_sentence_length": 19.333333333333332,
        "perplexity": 29.710667753147277
    },
    "story_context_fid": {
        "context_fid": 0.023413807153701782,
        "avg_similarity": 0.5357867479324341
    },
    "image_metrics": {
        "avg_ssim": 0.17588075519124582,
        "diversity": 5544.009874328697
    }
}