{
    "llm_time": 1.306938648223877,
    "ldm_time": 20.713796615600586,
    "pipeline_time": 251.0066375732422,
    "llm_metrics": {
        "vocab_diversity": 0.68,
        "avg_sentence_length": 25.0,
        "perplexity": 43.32209132615494
    },
    "story_context_fid": {
        "context_fid": 0.08447182178497314,
        "avg_similarity": 0.5293527245521545
    },
    "image_metrics": {
        "avg_ssim": 0.17768293790364217,
        "diversity": 8747.55696752548
    }
}