{
    "llm_time": 0.8023951053619385,
    "ldm_time": 20.777605533599854,
    "pipeline_time": 667.5911424160004,
    "llm_metrics": {
        "vocab_diversity": 0.7142857142857143,
        "avg_sentence_length": 18.666666666666668,
        "perplexity": 34.87345451236947
    },
    "story_context_fid": {
        "context_fid": 0.011291653849184513,
        "avg_similarity": 0.6598250865936279
    },
    "image_metrics": {
        "avg_ssim": 0.2140134832238287,
        "diversity": 5185.506386073188
    }
}