{
    "llm_time": 0.4118480682373047,
    "ldm_time": 24.681185960769653,
    "pipeline_time": 724.8556499481201,
    "llm_metrics": {
        "vocab_diversity": 0.6530612244897959,
        "avg_sentence_length": 16.333333333333332,
        "perplexity": 28.51794983154674
    },
    "story_context_fid": {
        "context_fid": 0.03620344400405884,
        "avg_similarity": 0.6262415647506714
    },
    "image_metrics": {
        "avg_ssim": 0.07219118386016521,
        "diversity": 1840.8408617527887
    }
}