{
    "llm_time": 0.5545511245727539,
    "ldm_time": 11.85706877708435,
    "pipeline_time": 155.1069278717041,
    "llm_metrics": {
        "vocab_diversity": 0.75,
        "avg_sentence_length": 14.666666666666666,
        "perplexity": 29.667377177149266
    },
    "story_context_fid": {
        "context_fid": 0.13923658430576324,
        "avg_similarity": 0.41127777099609375
    },
    "image_metrics": {
        "avg_ssim": 0.4336911780249182,
        "diversity": 7095.775432943331
    }
}