{
    "llm_time": 1.361940622329712,
    "ldm_time": 32.48236846923828,
    "pipeline_time": 1581.5892038345337,
    "llm_metrics": {
        "vocab_diversity": 0.5454545454545454,
        "avg_sentence_length": 22.0,
        "perplexity": 27.5939395310014
    },
    "story_context_fid": {
        "context_fid": 0.06926438212394714,
        "avg_similarity": 0.5947303771972656
    },
    "image_metrics": {
        "avg_ssim": 0.16670075590097824,
        "diversity": 14278.42518059115
    }
}