{
    "llm_time": 0.9065830707550049,
    "ldm_time": 11.59657335281372,
    "pipeline_time": 173.01574325561523,
    "llm_metrics": {
        "vocab_diversity": 0.5789473684210527,
        "avg_sentence_length": 25.333333333333332,
        "perplexity": 33.75332058944629
    },
    "story_context_fid": {
        "context_fid": 0.10729512572288513,
        "avg_similarity": 0.6352008581161499
    },
    "image_metrics": {
        "avg_ssim": 0.05732016887764585,
        "diversity": 7251.727761255401
    }
}