{
    "llm_time": 0.8051338195800781,
    "ldm_time": 13.577125072479248,
    "pipeline_time": 544.9928636550903,
    "llm_metrics": {
        "vocab_diversity": 0.5897435897435898,
        "avg_sentence_length": 26.0,
        "perplexity": 36.31938850720587
    },
    "story_context_fid": {
        "context_fid": 0.1154029369354248,
        "avg_similarity": 0.6485349535942078
    },
    "image_metrics": {
        "avg_ssim": 0.08391957318367323,
        "diversity": 1771.9135226905678
    }
}