{
    "llm_time": 0.57525634765625,
    "ldm_time": 11.391585111618042,
    "pipeline_time": 107.32434225082397,
    "llm_metrics": {
        "vocab_diversity": 0.723404255319149,
        "avg_sentence_length": 15.666666666666666,
        "perplexity": 29.37286715931268
    },
    "story_context_fid": {
        "context_fid": 0.06709520518779755,
        "avg_similarity": 0.4043729901313782
    },
    "image_metrics": {
        "avg_ssim": 0.05354159267015895,
        "diversity": 1091.0341268309728
    }
}