{
    "llm_time": 0.7670772075653076,
    "ldm_time": 20.8827383518219,
    "pipeline_time": 575.5431244373322,
    "llm_metrics": {
        "vocab_diversity": 0.6842105263157895,
        "avg_sentence_length": 12.666666666666666,
        "perplexity": 22.895961769981582
    },
    "story_context_fid": {
        "context_fid": 0.03253693878650665,
        "avg_similarity": 0.07674993574619293
    },
    "image_metrics": {
        "avg_ssim": 0.2106511516572541,
        "diversity": 8756.100094514615
    }
}