{
    "llm_time": 1.5112264156341553,
    "ldm_time": 25.51972222328186,
    "pipeline_time": 1501.9744205474854,
    "llm_metrics": {
        "vocab_diversity": 0.6756756756756757,
        "avg_sentence_length": 12.333333333333334,
        "perplexity": 21.286869279729743
    },
    "story_context_fid": {
        "context_fid": 0.2797282040119171,
        "avg_similarity": 0.3830339312553406
    },
    "image_metrics": {
        "avg_ssim": 0.07191689161873707,
        "diversity": 14903.278857706404
    }
}