{
    "llm_time": 2.373739004135132,
    "ldm_time": 25.009116888046265,
    "pipeline_time": 1397.0576875209808,
    "llm_metrics": {
        "vocab_diversity": 0.7884615384615384,
        "avg_sentence_length": 17.333333333333332,
        "perplexity": 37.63000544415242
    },
    "story_context_fid": {
        "context_fid": 0.00917895883321762,
        "avg_similarity": 0.07249316573143005
    },
    "image_metrics": {
        "avg_ssim": 0.1882014381081881,
        "diversity": 4384.8077162106165
    }
}