{
    "llm_time": 0.779155969619751,
    "ldm_time": 12.834449052810669,
    "pipeline_time": 91.65624856948853,
    "llm_metrics": {
        "vocab_diversity": 0.6415094339622641,
        "avg_sentence_length": 17.666666666666668,
        "perplexity": 29.707146778132763
    },
    "story_context_fid": {
        "context_fid": 0.011686742305755615,
        "avg_similarity": 0.6249188780784607
    },
    "image_metrics": {
        "avg_ssim": 0.16113814020037528,
        "diversity": 4181.500573916186
    }
}