{
    "llm_time": 0.3901939392089844,
    "ldm_time": 13.550003290176392,
    "pipeline_time": 549.3014771938324,
    "llm_metrics": {
        "vocab_diversity": 0.6363636363636364,
        "avg_sentence_length": 18.333333333333332,
        "perplexity": 29.200606381388127
    },
    "story_context_fid": {
        "context_fid": 0.025925248861312866,
        "avg_similarity": 0.5939428806304932
    },
    "image_metrics": {
        "avg_ssim": 0.14867433573192443,
        "diversity": 1905.6475372723744
    }
}