{
    "llm_time": 1.3275117874145508,
    "ldm_time": 22.634034156799316,
    "pipeline_time": 59.53815507888794,
    "llm_metrics": {
        "vocab_diversity": 0.5138888888888888,
        "avg_sentence_length": 24.0,
        "perplexity": 30.374812661491852
    },
    "story_context_fid": {
        "context_fid": 0.07651528716087341,
        "avg_similarity": 0.7370480298995972
    },
    "image_metrics": {
        "avg_ssim": 0.15789507869403185,
        "diversity": 8122.476509968557
    }
}