{
    "llm_time": 0.7544338703155518,
    "ldm_time": 13.584983587265015,
    "pipeline_time": 345.0825698375702,
    "llm_metrics": {
        "vocab_diversity": 0.5769230769230769,
        "avg_sentence_length": 17.333333333333332,
        "perplexity": 24.56320614611238
    },
    "story_context_fid": {
        "context_fid": 0.045330971479415894,
        "avg_similarity": 0.5567452907562256
    },
    "image_metrics": {
        "avg_ssim": 0.08220867274511166,
        "diversity": 10685.251159285704
    }
}