{
    "llm_time": 0.946890115737915,
    "ldm_time": 20.695748329162598,
    "pipeline_time": 220.07302284240723,
    "llm_metrics": {
        "vocab_diversity": 0.581081081081081,
        "avg_sentence_length": 24.666666666666668,
        "perplexity": 33.36640023868637
    },
    "story_context_fid": {
        "context_fid": 0.036609143018722534,
        "avg_similarity": 0.5216073989868164
    },
    "image_metrics": {
        "avg_ssim": 0.22148579672558322,
        "diversity": 29011.493321483704
    }
}