{
    "llm_time": 0.9811749458312988,
    "ldm_time": 25.414191961288452,
    "pipeline_time": 1756.835177898407,
    "llm_metrics": {
        "vocab_diversity": 0.5714285714285714,
        "avg_sentence_length": 16.333333333333332,
        "perplexity": 24.233065227673226
    },
    "story_context_fid": {
        "context_fid": 0.06989020109176636,
        "avg_similarity": 0.6504890322685242
    },
    "image_metrics": {
        "avg_ssim": 0.1931035984007025,
        "diversity": 3226.3302570535834
    }
}