{
    "llm_time": 1.681595802307129,
    "ldm_time": 31.93529963493347,
    "pipeline_time": 1830.6846897602081,
    "llm_metrics": {
        "vocab_diversity": 0.4444444444444444,
        "avg_sentence_length": 12.0,
        "perplexity": 15.207738048392038
    },
    "story_context_fid": {
        "context_fid": 0.0,
        "avg_similarity": 0.1092868223786354
    },
    "image_metrics": {
        "avg_ssim": 0.0973050040700248,
        "diversity": 4508.617312725911
    }
}