{
    "llm_time": 0.8998026847839355,
    "ldm_time": 21.16564655303955,
    "pipeline_time": 790.6207563877106,
    "llm_metrics": {
        "vocab_diversity": 0.625,
        "avg_sentence_length": 18.666666666666668,
        "perplexity": 30.526828655188112
    },
    "story_context_fid": {
        "context_fid": 0.03826543688774109,
        "avg_similarity": 0.6867989301681519
    },
    "image_metrics": {
        "avg_ssim": 0.14074760853225424,
        "diversity": 3944.008897062119
    }
}