{
    "llm_time": 1.6240248680114746,
    "ldm_time": 12.674399852752686,
    "pipeline_time": 158.75036430358887,
    "llm_metrics": {
        "vocab_diversity": 0.6307692307692307,
        "avg_sentence_length": 21.666666666666668,
        "perplexity": 34.36245201734764
    },
    "story_context_fid": {
        "context_fid": 0.01072317361831665,
        "avg_similarity": 0.603095531463623
    },
    "image_metrics": {
        "avg_ssim": 0.07676259868076707,
        "diversity": 3253.805788672372
    }
}