{
    "llm_time": 0.5344865322113037,
    "ldm_time": 25.025416135787964,
    "pipeline_time": 1747.3013360500336,
    "llm_metrics": {
        "vocab_diversity": 0.6190476190476191,
        "avg_sentence_length": 21.0,
        "perplexity": 32.332470024359665
    },
    "story_context_fid": {
        "context_fid": 0.048791080713272095,
        "avg_similarity": 0.6014388799667358
    },
    "image_metrics": {
        "avg_ssim": 0.10426525383211345,
        "diversity": 5455.33265636192
    }
}