{
    "llm_time": 1.5430798530578613,
    "ldm_time": 13.487046480178833,
    "pipeline_time": 425.79891562461853,
    "llm_metrics": {
        "vocab_diversity": 0.582089552238806,
        "avg_sentence_length": 22.333333333333332,
        "perplexity": 31.79832224609844
    },
    "story_context_fid": {
        "context_fid": 0.04422876238822937,
        "avg_similarity": 0.6132514476776123
    },
    "image_metrics": {
        "avg_ssim": 0.10972596193021948,
        "diversity": 3936.0871093044534
    }
}