{
    "llm_time": 0.8367710113525391,
    "ldm_time": 25.401895999908447,
    "pipeline_time": 866.0520873069763,
    "llm_metrics": {
        "vocab_diversity": 0.5757575757575758,
        "avg_sentence_length": 22.0,
        "perplexity": 28.85092808645818
    },
    "story_context_fid": {
        "context_fid": 0.060806214809417725,
        "avg_similarity": 0.6670977473258972
    },
    "image_metrics": {
        "avg_ssim": 0.17811759717394102,
        "diversity": 4268.3085177933235
    }
}