{
    "llm_time": 1.155216932296753,
    "ldm_time": 31.638640880584717,
    "pipeline_time": 1410.1505053043365,
    "llm_metrics": {
        "vocab_diversity": 0.6481481481481481,
        "avg_sentence_length": 18.0,
        "perplexity": 30.260056393149927
    },
    "story_context_fid": {
        "context_fid": 0.039947509765625,
        "avg_similarity": 0.6777448058128357
    },
    "image_metrics": {
        "avg_ssim": 0.1848805787505038,
        "diversity": 7807.12476281798
    }
}