{
    "llm_time": 0.8027043342590332,
    "ldm_time": 31.768835067749023,
    "pipeline_time": 1871.8878927230835,
    "llm_metrics": {
        "vocab_diversity": 0.6545454545454545,
        "avg_sentence_length": 18.333333333333332,
        "perplexity": 29.479735000673948
    },
    "story_context_fid": {
        "context_fid": 0.02854788303375244,
        "avg_similarity": 0.6740229725837708
    },
    "image_metrics": {
        "avg_ssim": 0.16722017541704623,
        "diversity": 7792.222212487983
    }
}