{
    "llm_time": 1.2776682376861572,
    "ldm_time": 11.769063711166382,
    "pipeline_time": 88.67128944396973,
    "llm_metrics": {
        "vocab_diversity": 0.47674418604651164,
        "avg_sentence_length": 28.666666666666668,
        "perplexity": 28.470546781855237
    },
    "story_context_fid": {
        "context_fid": 0.06461572647094727,
        "avg_similarity": 0.7245974540710449
    },
    "image_metrics": {
        "avg_ssim": 0.17150893930092295,
        "diversity": 2899.9075886310998
    }
}