{
    "llm_time": 0.7430386543273926,
    "ldm_time": 12.85903525352478,
    "pipeline_time": 67.75727009773254,
    "llm_metrics": {
        "vocab_diversity": 0.5918367346938775,
        "avg_sentence_length": 16.333333333333332,
        "perplexity": 24.628850427441204
    },
    "story_context_fid": {
        "context_fid": 0.010548293590545654,
        "avg_similarity": 0.6960525512695312
    },
    "image_metrics": {
        "avg_ssim": 0.13699250326353804,
        "diversity": 1588.893671476903
    }
}