{
    "llm_time": 1.9879465103149414,
    "ldm_time": 20.98321270942688,
    "pipeline_time": 888.5132682323456,
    "llm_metrics": {
        "vocab_diversity": 0.5517241379310345,
        "avg_sentence_length": 38.666666666666664,
        "perplexity": 43.95090027561689
    },
    "story_context_fid": {
        "context_fid": 0.11348511278629303,
        "avg_similarity": 0.6084941029548645
    },
    "image_metrics": {
        "avg_ssim": 0.2630968307020967,
        "diversity": 4450.694182036808
    }
}