{
    "llm_time": 0.9291021823883057,
    "ldm_time": 13.502424240112305,
    "pipeline_time": 406.6802349090576,
    "llm_metrics": {
        "vocab_diversity": 0.5849056603773585,
        "avg_sentence_length": 17.666666666666668,
        "perplexity": 25.023332029835338
    },
    "story_context_fid": {
        "context_fid": 0.11744193732738495,
        "avg_similarity": 0.6083032488822937
    },
    "image_metrics": {
        "avg_ssim": 0.1701031197601169,
        "diversity": 2220.40181361424
    }
}