{
    "llm_time": 0.7606925964355469,
    "ldm_time": 21.06662940979004,
    "pipeline_time": 611.3957333564758,
    "llm_metrics": {
        "vocab_diversity": 0.7435897435897436,
        "avg_sentence_length": 13.0,
        "perplexity": 25.904976089294646
    },
    "story_context_fid": {
        "context_fid": 0.015438880771398544,
        "avg_similarity": 0.09384796023368835
    },
    "image_metrics": {
        "avg_ssim": 0.16388558473497564,
        "diversity": 10641.658231619414
    }
}