{
    "llm_time": 0.8931007385253906,
    "ldm_time": 32.4234139919281,
    "pipeline_time": 2135.598906517029,
    "llm_metrics": {
        "vocab_diversity": 0.64,
        "avg_sentence_length": 16.666666666666668,
        "perplexity": 26.615178200444216
    },
    "story_context_fid": {
        "context_fid": 0.09469786286354065,
        "avg_similarity": 0.5561529397964478
    },
    "image_metrics": {
        "avg_ssim": 0.1398756006851661,
        "diversity": 1715.5854560015275
    }
}