{
    "llm_time": 0.7498190402984619,
    "ldm_time": 21.228166818618774,
    "pipeline_time": 647.508486032486,
    "llm_metrics": {
        "vocab_diversity": 0.6212121212121212,
        "avg_sentence_length": 22.0,
        "perplexity": 33.47852265024396
    },
    "story_context_fid": {
        "context_fid": 0.22594818472862244,
        "avg_similarity": 0.47750547528266907
    },
    "image_metrics": {
        "avg_ssim": 0.18237242743659912,
        "diversity": 15181.200162819257
    }
}