{
    "llm_time": 1.6693294048309326,
    "ldm_time": 20.698476552963257,
    "pipeline_time": 759.8697621822357,
    "llm_metrics": {
        "vocab_diversity": 0.6176470588235294,
        "avg_sentence_length": 34.0,
        "perplexity": 46.54405390359996
    },
    "story_context_fid": {
        "context_fid": 0.07912099361419678,
        "avg_similarity": 0.3824267089366913
    },
    "image_metrics": {
        "avg_ssim": 0.201542651434834,
        "diversity": 8016.231807798015
    }
}