{
    "llm_time": 1.0450003147125244,
    "ldm_time": 13.045955896377563,
    "pipeline_time": 133.765620470047,
    "llm_metrics": {
        "vocab_diversity": 0.6172839506172839,
        "avg_sentence_length": 27.0,
        "perplexity": 40.78490725409892
    },
    "story_context_fid": {
        "context_fid": 0.05030056834220886,
        "avg_similarity": 0.6556829214096069
    },
    "image_metrics": {
        "avg_ssim": 0.07643154860061517,
        "diversity": 5087.204853928443
    }
}