{
    "llm_time": 0.5256698131561279,
    "ldm_time": 21.240848064422607,
    "pipeline_time": 897.3198852539062,
    "llm_metrics": {
        "vocab_diversity": 0.6666666666666666,
        "avg_sentence_length": 20.0,
        "perplexity": 33.27956710445735
    },
    "story_context_fid": {
        "context_fid": 0.03969520330429077,
        "avg_similarity": 0.6425961256027222
    },
    "image_metrics": {
        "avg_ssim": 0.20425550697692454,
        "diversity": 1767.538886305306
    }
}