{
    "llm_time": 1.4803457260131836,
    "ldm_time": 13.58799695968628,
    "pipeline_time": 298.97635793685913,
    "llm_metrics": {
        "vocab_diversity": 0.5897435897435898,
        "avg_sentence_length": 26.0,
        "perplexity": 37.002585643767034
    },
    "story_context_fid": {
        "context_fid": 0.03545084595680237,
        "avg_similarity": 0.7113081216812134
    },
    "image_metrics": {
        "avg_ssim": 0.08083281944724775,
        "diversity": 7986.50108546904
    }
}