{
    "llm_time": 3.1427347660064697,
    "ldm_time": 13.434937238693237,
    "pipeline_time": 502.0975296497345,
    "llm_metrics": {
        "vocab_diversity": 0.5625,
        "avg_sentence_length": 26.666666666666668,
        "perplexity": 35.65909868207581
    },
    "story_context_fid": {
        "context_fid": 0.06657499074935913,
        "avg_similarity": 0.5891260504722595
    },
    "image_metrics": {
        "avg_ssim": 0.09322762741811556,
        "diversity": 6901.645632269739
    }
}