{
    "llm_time": 0.8057746887207031,
    "ldm_time": 31.94879937171936,
    "pipeline_time": 1623.0574254989624,
    "llm_metrics": {
        "vocab_diversity": 0.6290322580645161,
        "avg_sentence_length": 20.666666666666668,
        "perplexity": 32.60533035702835
    },
    "story_context_fid": {
        "context_fid": 0.08706769347190857,
        "avg_similarity": 0.6092081069946289
    },
    "image_metrics": {
        "avg_ssim": 0.2265674804668726,
        "diversity": 18489.084743946496
    }
}