{
    "llm_time": 0.7367866039276123,
    "ldm_time": 11.919336795806885,
    "pipeline_time": 65.54469728469849,
    "llm_metrics": {
        "vocab_diversity": 0.6268656716417911,
        "avg_sentence_length": 22.333333333333332,
        "perplexity": 34.29636753332147
    },
    "story_context_fid": {
        "context_fid": 0.1275596022605896,
        "avg_similarity": 0.6346649527549744
    },
    "image_metrics": {
        "avg_ssim": 0.09823944874186348,
        "diversity": 1935.925272501337
    }
}