{
    "llm_time": 3.8971447944641113,
    "ldm_time": 25.34052062034607,
    "pipeline_time": 940.2072720527649,
    "llm_metrics": {
        "vocab_diversity": 0.5102040816326531,
        "avg_sentence_length": 16.333333333333332,
        "perplexity": 21.729275096949664
    },
    "story_context_fid": {
        "context_fid": 0.34886226058006287,
        "avg_similarity": 0.6511377096176147
    },
    "image_metrics": {
        "avg_ssim": 0.12299964712909521,
        "diversity": 1057.4042317796618
    }
}