{
    "llm_time": 1.1795575618743896,
    "ldm_time": 12.022493124008179,
    "pipeline_time": 252.66968965530396,
    "llm_metrics": {
        "vocab_diversity": 0.5652173913043478,
        "avg_sentence_length": 30.666666666666668,
        "perplexity": 37.34989204804302
    },
    "story_context_fid": {
        "context_fid": 0.02377304434776306,
        "avg_similarity": 0.6487877368927002
    },
    "image_metrics": {
        "avg_ssim": 0.089159500166892,
        "diversity": 1662.5222816656499
    }
}