{
    "llm_time": 1.5657765865325928,
    "ldm_time": 32.67915892601013,
    "pipeline_time": 2007.6047070026398,
    "llm_metrics": {
        "vocab_diversity": 0.575,
        "avg_sentence_length": 13.333333333333334,
        "perplexity": 19.874062409713225
    },
    "story_context_fid": {
        "context_fid": 0.10882802307605743,
        "avg_similarity": 0.4202033281326294
    },
    "image_metrics": {
        "avg_ssim": 0.161039023264952,
        "diversity": 2901.3262507744184
    }
}