{
    "llm_time": 1.0187063217163086,
    "ldm_time": 12.273757457733154,
    "pipeline_time": 22.71431016921997,
    "llm_metrics": {
        "vocab_diversity": 0.8275862068965517,
        "avg_sentence_length": 9.666666666666666,
        "perplexity": 22.834660085079346
    },
    "story_context_fid": {
        "context_fid": 0.07315587997436523,
        "avg_similarity": 0.1925937831401825
    },
    "image_metrics": {
        "avg_ssim": 0.03992609497844213,
        "diversity": 3934.5695554628473
    }
}