{
    "llm_time": 0.49507689476013184,
    "ldm_time": 11.407716512680054,
    "pipeline_time": 86.49159646034241,
    "llm_metrics": {
        "vocab_diversity": 0.6065573770491803,
        "avg_sentence_length": 20.333333333333332,
        "perplexity": 30.073661712742126
    },
    "story_context_fid": {
        "context_fid": 0.07201403379440308,
        "avg_similarity": 0.636006236076355
    },
    "image_metrics": {
        "avg_ssim": 0.07777522584417225,
        "diversity": 4287.471532274332
    }
}