{
    "llm_time": 0.8015964031219482,
    "ldm_time": 25.512656927108765,
    "pipeline_time": 1122.6573383808136,
    "llm_metrics": {
        "vocab_diversity": 0.6530612244897959,
        "avg_sentence_length": 16.333333333333332,
        "perplexity": 26.025824566749634
    },
    "story_context_fid": {
        "context_fid": 0.05919356644153595,
        "avg_similarity": 0.5169399976730347
    },
    "image_metrics": {
        "avg_ssim": 0.23775279817991554,
        "diversity": 4886.668891053396
    }
}