{
    "llm_time": 1.7338237762451172,
    "ldm_time": 31.638566732406616,
    "pipeline_time": 1241.9196286201477,
    "llm_metrics": {
        "vocab_diversity": 0.6666666666666666,
        "avg_sentence_length": 16.0,
        "perplexity": 25.654278429065204
    },
    "story_context_fid": {
        "context_fid": 0.03879493474960327,
        "avg_similarity": 0.5624554753303528
    },
    "image_metrics": {
        "avg_ssim": 0.15965054938501322,
        "diversity": 23790.27372509961
    }
}