{
    "llm_time": 0.9496643543243408,
    "ldm_time": 24.943247318267822,
    "pipeline_time": 1257.6642096042633,
    "llm_metrics": {
        "vocab_diversity": 0.5538461538461539,
        "avg_sentence_length": 21.666666666666668,
        "perplexity": 28.859994368921598
    },
    "story_context_fid": {
        "context_fid": 0.07400825619697571,
        "avg_similarity": 0.6090068817138672
    },
    "image_metrics": {
        "avg_ssim": 0.07251937553448114,
        "diversity": 1230.0006256428287
    }
}