{
    "llm_time": 1.4173974990844727,
    "ldm_time": 13.264670372009277,
    "pipeline_time": 439.029177904129,
    "llm_metrics": {
        "vocab_diversity": 0.5897435897435898,
        "avg_sentence_length": 26.0,
        "perplexity": 35.27887932579908
    },
    "story_context_fid": {
        "context_fid": 0.01475977897644043,
        "avg_similarity": 0.6176230311393738
    },
    "image_metrics": {
        "avg_ssim": 0.11656745562428988,
        "diversity": 2660.09037055647
    }
}