{
    "llm_time": 1.4459342956542969,
    "ldm_time": 25.786657094955444,
    "pipeline_time": 1538.3013887405396,
    "llm_metrics": {
        "vocab_diversity": 0.68,
        "avg_sentence_length": 16.666666666666668,
        "perplexity": 30.24370410399547
    },
    "story_context_fid": {
        "context_fid": 0.011035904288291931,
        "avg_similarity": 0.48647868633270264
    },
    "image_metrics": {
        "avg_ssim": 0.08373324966603973,
        "diversity": 5710.606782934472
    }
}