{
    "llm_time": 0.7803835868835449,
    "ldm_time": 12.088337421417236,
    "pipeline_time": 176.5653097629547,
    "llm_metrics": {
        "vocab_diversity": 0.6190476190476191,
        "avg_sentence_length": 21.0,
        "perplexity": 30.118106916584406
    },
    "story_context_fid": {
        "context_fid": 0.0130901038646698,
        "avg_similarity": 0.6495915651321411
    },
    "image_metrics": {
        "avg_ssim": 0.07286921773387163,
        "diversity": 6126.39949311567
    }
}