{
    "llm_time": 0.44213223457336426,
    "ldm_time": 25.365922212600708,
    "pipeline_time": 1712.9039361476898,
    "llm_metrics": {
        "vocab_diversity": 0.6037735849056604,
        "avg_sentence_length": 17.666666666666668,
        "perplexity": 25.467385337691777
    },
    "story_context_fid": {
        "context_fid": 0.00427013635635376,
        "avg_similarity": 0.5804564356803894
    },
    "image_metrics": {
        "avg_ssim": 0.16451631282155021,
        "diversity": 11559.845982194549
    }
}