{
    "llm_time": 3.103820323944092,
    "ldm_time": 21.328935146331787,
    "pipeline_time": 834.7758569717407,
    "llm_metrics": {
        "vocab_diversity": 0.42857142857142855,
        "avg_sentence_length": 16.333333333333332,
        "perplexity": 16.257950544825047
    },
    "story_context_fid": {
        "context_fid": 0.23844411969184875,
        "avg_similarity": 0.7520970106124878
    },
    "image_metrics": {
        "avg_ssim": 0.2734490744381152,
        "diversity": 15580.870358449747
    }
}