{
    "llm_time": 1.4047307968139648,
    "ldm_time": 31.880717992782593,
    "pipeline_time": 1955.1374595165253,
    "llm_metrics": {
        "vocab_diversity": 0.4444444444444444,
        "avg_sentence_length": 12.0,
        "perplexity": 15.207738048392038
    },
    "story_context_fid": {
        "context_fid": 0.0,
        "avg_similarity": 0.1092868223786354
    },
    "image_metrics": {
        "avg_ssim": 0.1351464736980107,
        "diversity": 16907.490563209205
    }
}