{
    "llm_time": 0.8015594482421875,
    "ldm_time": 20.998387575149536,
    "pipeline_time": 677.8837413787842,
    "llm_metrics": {
        "vocab_diversity": 0.6382978723404256,
        "avg_sentence_length": 15.666666666666666,
        "perplexity": 25.345298237333555
    },
    "story_context_fid": {
        "context_fid": 0.09314841032028198,
        "avg_similarity": 0.6375410556793213
    },
    "image_metrics": {
        "avg_ssim": 0.16561835932932925,
        "diversity": 5154.916990674546
    }
}