{
    "llm_time": 3.1853525638580322,
    "ldm_time": 26.22161030769348,
    "pipeline_time": 1684.9979643821716,
    "llm_metrics": {
        "vocab_diversity": 0.7419354838709677,
        "avg_sentence_length": 10.333333333333334,
        "perplexity": 21.31380209599698
    },
    "story_context_fid": {
        "context_fid": 0.03132136911153793,
        "avg_similarity": 0.07796545326709747
    },
    "image_metrics": {
        "avg_ssim": 0.1572482440315056,
        "diversity": 5296.0399806771775
    }
}