{
    "llm_time": 1.2593309879302979,
    "ldm_time": 13.164701700210571,
    "pipeline_time": 336.47259736061096,
    "llm_metrics": {
        "vocab_diversity": 0.5540540540540541,
        "avg_sentence_length": 24.666666666666668,
        "perplexity": 33.29683356099042
    },
    "story_context_fid": {
        "context_fid": 0.0795738697052002,
        "avg_similarity": 0.7879212498664856
    },
    "image_metrics": {
        "avg_ssim": 0.17971158727077144,
        "diversity": 699.6179100791127
    }
}