{
    "llm_time": 0.8637721538543701,
    "ldm_time": 11.974314212799072,
    "pipeline_time": 230.11069297790527,
    "llm_metrics": {
        "vocab_diversity": 0.45614035087719296,
        "avg_sentence_length": 19.0,
        "perplexity": 21.758862799779426
    },
    "story_context_fid": {
        "context_fid": 0.23578277230262756,
        "avg_similarity": 0.7642172574996948
    },
    "image_metrics": {
        "avg_ssim": 0.12506151875495494,
        "diversity": 4389.447340449628
    }
}