{
    "llm_time": 0.7080841064453125,
    "ldm_time": 25.60936403274536,
    "pipeline_time": 831.0241594314575,
    "llm_metrics": {
        "vocab_diversity": 0.6190476190476191,
        "avg_sentence_length": 14.0,
        "perplexity": 22.058771140970297
    },
    "story_context_fid": {
        "context_fid": 0.1012767106294632,
        "avg_similarity": 0.5579599142074585
    },
    "image_metrics": {
        "avg_ssim": 0.12866741677989027,
        "diversity": 6802.69289786865
    }
}