{
    "llm_time": 0.7336745262145996,
    "ldm_time": 31.827620267868042,
    "pipeline_time": 1325.5779962539673,
    "llm_metrics": {
        "vocab_diversity": 0.5538461538461539,
        "avg_sentence_length": 21.666666666666668,
        "perplexity": 27.72827643594295
    },
    "story_context_fid": {
        "context_fid": 0.09298756718635559,
        "avg_similarity": 0.6752748489379883
    },
    "image_metrics": {
        "avg_ssim": 0.18473711963257755,
        "diversity": 10295.505052083934
    }
}