{
    "llm_time": 0.7128341197967529,
    "ldm_time": 24.37060856819153,
    "pipeline_time": 450.8758385181427,
    "llm_metrics": {
        "vocab_diversity": 0.6785714285714286,
        "avg_sentence_length": 18.666666666666668,
        "perplexity": 31.404676309337212
    },
    "story_context_fid": {
        "context_fid": 0.040201932191848755,
        "avg_similarity": 0.5987426042556763
    },
    "image_metrics": {
        "avg_ssim": 0.09746123424005164,
        "diversity": 677.5463775853319
    }
}