{
    "llm_time": 2.5592665672302246,
    "ldm_time": 33.23561644554138,
    "pipeline_time": 2180.1135721206665,
    "llm_metrics": {
        "vocab_diversity": 0.5394736842105263,
        "avg_sentence_length": 25.333333333333332,
        "perplexity": 32.069867206627045
    },
    "story_context_fid": {
        "context_fid": 0.0328802764415741,
        "avg_similarity": 0.7685776948928833
    },
    "image_metrics": {
        "avg_ssim": 0.15001897632274844,
        "diversity": 2125.241029669122
    }
}