{
    "llm_time": 0.5190553665161133,
    "ldm_time": 13.695502758026123,
    "pipeline_time": 453.85722255706787,
    "llm_metrics": {
        "vocab_diversity": 0.6666666666666666,
        "avg_sentence_length": 15.0,
        "perplexity": 27.059913422804346
    },
    "story_context_fid": {
        "context_fid": 0.044089168310165405,
        "avg_similarity": 0.5227669477462769
    },
    "image_metrics": {
        "avg_ssim": 0.10352503446697266,
        "diversity": 3172.394080645898
    }
}