{
    "llm_time": 0.6986095905303955,
    "ldm_time": 20.619305849075317,
    "pipeline_time": 728.8406558036804,
    "llm_metrics": {
        "vocab_diversity": 0.59375,
        "avg_sentence_length": 10.666666666666666,
        "perplexity": 17.634387122475196
    },
    "story_context_fid": {
        "context_fid": 0.002776913344860077,
        "avg_similarity": 0.10650990903377533
    },
    "image_metrics": {
        "avg_ssim": 0.22498833032942453,
        "diversity": 8070.454087167828
    }
}