{
    "llm_time": 0.7268617153167725,
    "ldm_time": 24.10119891166687,
    "pipeline_time": 381.73219656944275,
    "llm_metrics": {
        "vocab_diversity": 0.5573770491803278,
        "avg_sentence_length": 20.333333333333332,
        "perplexity": 27.194985445042946
    },
    "story_context_fid": {
        "context_fid": 0.13447719812393188,
        "avg_similarity": 0.5969459414482117
    },
    "image_metrics": {
        "avg_ssim": 0.1562135967752976,
        "diversity": 7296.350480528176
    }
}