{
    "llm_time": 1.1877038478851318,
    "ldm_time": 12.009750127792358,
    "pipeline_time": 274.73739433288574,
    "llm_metrics": {
        "vocab_diversity": 0.4714285714285714,
        "avg_sentence_length": 23.333333333333332,
        "perplexity": 26.317313837440302
    },
    "story_context_fid": {
        "context_fid": 0.15727773308753967,
        "avg_similarity": 0.7145987749099731
    },
    "image_metrics": {
        "avg_ssim": 0.13280281855946321,
        "diversity": 3429.3372130988964
    }
}