{
    "llm_time": 1.4657456874847412,
    "ldm_time": 23.8147611618042,
    "pipeline_time": 553.6225938796997,
    "llm_metrics": {
        "vocab_diversity": 0.5178571428571429,
        "avg_sentence_length": 37.333333333333336,
        "perplexity": 38.83004976128748
    },
    "story_context_fid": {
        "context_fid": 0.1432308852672577,
        "avg_similarity": 0.48466697335243225
    },
    "image_metrics": {
        "avg_ssim": 0.15318847954198364,
        "diversity": 3030.480250252163
    }
}