{
    "llm_time": 0.801807165145874,
    "ldm_time": 11.986212968826294,
    "pipeline_time": 66.6556704044342,
    "llm_metrics": {
        "vocab_diversity": 0.6730769230769231,
        "avg_sentence_length": 17.333333333333332,
        "perplexity": 30.709994581980038
    },
    "story_context_fid": {
        "context_fid": 0.10427340865135193,
        "avg_similarity": 0.6298896074295044
    },
    "image_metrics": {
        "avg_ssim": 0.023731789097368474,
        "diversity": 178.979538879131
    }
}