{
    "llm_time": 1.3287739753723145,
    "ldm_time": 11.691755533218384,
    "pipeline_time": 240.99417185783386,
    "llm_metrics": {
        "vocab_diversity": 0.5853658536585366,
        "avg_sentence_length": 27.333333333333332,
        "perplexity": 34.74484596040248
    },
    "story_context_fid": {
        "context_fid": 0.14386232197284698,
        "avg_similarity": 0.6368634700775146
    },
    "image_metrics": {
        "avg_ssim": 0.12417864574568234,
        "diversity": 1542.8133513021235
    }
}