{
    "llm_time": 0.8120923042297363,
    "ldm_time": 13.75247836112976,
    "pipeline_time": 383.18339347839355,
    "llm_metrics": {
        "vocab_diversity": 0.625,
        "avg_sentence_length": 29.333333333333332,
        "perplexity": 42.12689737687084
    },
    "story_context_fid": {
        "context_fid": 0.015567123889923096,
        "avg_similarity": 0.5491039156913757
    },
    "image_metrics": {
        "avg_ssim": 0.1426386699277692,
        "diversity": 7498.000545809309
    }
}