{
    "llm_time": 0.47751879692077637,
    "ldm_time": 26.11935329437256,
    "pipeline_time": 1646.6541221141815,
    "llm_metrics": {
        "vocab_diversity": 0.58,
        "avg_sentence_length": 16.666666666666668,
        "perplexity": 24.105198086072196
    },
    "story_context_fid": {
        "context_fid": 0.09776738286018372,
        "avg_similarity": 0.6689193248748779
    },
    "image_metrics": {
        "avg_ssim": 0.13037223655031455,
        "diversity": 6501.195221995392
    }
}