{
    "llm_time": 2.974015474319458,
    "ldm_time": 25.84828782081604,
    "pipeline_time": 1575.7782862186432,
    "llm_metrics": {
        "vocab_diversity": 0.6428571428571429,
        "avg_sentence_length": 14.0,
        "perplexity": 23.859503636811155
    },
    "story_context_fid": {
        "context_fid": 0.01912344992160797,
        "avg_similarity": 0.44489842653274536
    },
    "image_metrics": {
        "avg_ssim": 0.12141283703010614,
        "diversity": 8859.015811088415
    }
}