{
    "llm_time": 0.42139387130737305,
    "ldm_time": 24.75119924545288,
    "pipeline_time": 1357.907774925232,
    "llm_metrics": {
        "vocab_diversity": 0.7169811320754716,
        "avg_sentence_length": 17.666666666666668,
        "perplexity": 33.52520451539242
    },
    "story_context_fid": {
        "context_fid": 0.1831340342760086,
        "avg_similarity": 0.31074059009552
    },
    "image_metrics": {
        "avg_ssim": 0.05927595347256543,
        "diversity": 3603.040532168077
    }
}