{
    "llm_time": 0.3648967742919922,
    "ldm_time": 13.299056053161621,
    "pipeline_time": 508.25316071510315,
    "llm_metrics": {
        "vocab_diversity": 0.6176470588235294,
        "avg_sentence_length": 11.333333333333334,
        "perplexity": 19.10858755932647
    },
    "story_context_fid": {
        "context_fid": 0.07835787534713745,
        "avg_similarity": 0.7453176379203796
    },
    "image_metrics": {
        "avg_ssim": 0.12117338371422608,
        "diversity": 2812.837486048565
    }
}