{
    "llm_time": 0.7318265438079834,
    "ldm_time": 23.968939065933228,
    "pipeline_time": 1249.3784384727478,
    "llm_metrics": {
        "vocab_diversity": 0.5925925925925926,
        "avg_sentence_length": 9.0,
        "perplexity": 14.765467134792624
    },
    "story_context_fid": {
        "context_fid": 0.005495965480804443,
        "avg_similarity": 0.10379085689783096
    },
    "image_metrics": {
        "avg_ssim": 0.10637758099889673,
        "diversity": 6943.81748607711
    }
}