{
    "llm_time": 0.3293020725250244,
    "ldm_time": 26.575413942337036,
    "pipeline_time": 1502.5038990974426,
    "llm_metrics": {
        "vocab_diversity": 0.6744186046511628,
        "avg_sentence_length": 14.333333333333334,
        "perplexity": 26.08014292520436
    },
    "story_context_fid": {
        "context_fid": 0.12240256369113922,
        "avg_similarity": 0.40197688341140747
    },
    "image_metrics": {
        "avg_ssim": 0.1989772111568762,
        "diversity": 8417.538811594375
    }
}