{
    "llm_time": 0.6764810085296631,
    "ldm_time": 13.26049542427063,
    "pipeline_time": 462.2186462879181,
    "llm_metrics": {
        "vocab_diversity": 0.6666666666666666,
        "avg_sentence_length": 18.0,
        "perplexity": 29.96825909956162
    },
    "story_context_fid": {
        "context_fid": 0.030369222164154053,
        "avg_similarity": 0.6004652380943298
    },
    "image_metrics": {
        "avg_ssim": 0.10491718350077672,
        "diversity": 4630.635540375792
    }
}