{
    "llm_time": 1.0251665115356445,
    "ldm_time": 13.518901348114014,
    "pipeline_time": 555.438145160675,
    "llm_metrics": {
        "vocab_diversity": 0.6756756756756757,
        "avg_sentence_length": 24.666666666666668,
        "perplexity": 40.07234995516828
    },
    "story_context_fid": {
        "context_fid": 0.075659841299057,
        "avg_similarity": 0.5903626680374146
    },
    "image_metrics": {
        "avg_ssim": 0.09732446670271255,
        "diversity": 8348.436317021786
    }
}