{
    "llm_time": 0.6115186214447021,
    "ldm_time": 25.644484519958496,
    "pipeline_time": 1157.83304977417,
    "llm_metrics": {
        "vocab_diversity": 0.6538461538461539,
        "avg_sentence_length": 17.333333333333332,
        "perplexity": 28.349506913300804
    },
    "story_context_fid": {
        "context_fid": 0.045614391565322876,
        "avg_similarity": 0.7377837896347046
    },
    "image_metrics": {
        "avg_ssim": 0.0567208184908441,
        "diversity": 6543.791482383551
    }
}