{
    "llm_time": 1.4371094703674316,
    "ldm_time": 20.974407196044922,
    "pipeline_time": 580.4897105693817,
    "llm_metrics": {
        "vocab_diversity": 0.4883720930232558,
        "avg_sentence_length": 14.333333333333334,
        "perplexity": 19.124088937394532
    },
    "story_context_fid": {
        "context_fid": 0.19555646181106567,
        "avg_similarity": 0.8044435381889343
    },
    "image_metrics": {
        "avg_ssim": 0.14867229576283147,
        "diversity": 3920.566298321294
    }
}