{
    "llm_time": 3.939016580581665,
    "ldm_time": 24.759305477142334,
    "pipeline_time": 1287.3153533935547,
    "llm_metrics": {
        "vocab_diversity": 0.6363636363636364,
        "avg_sentence_length": 18.333333333333332,
        "perplexity": 27.928044736535917
    },
    "story_context_fid": {
        "context_fid": 0.02664005756378174,
        "avg_similarity": 0.6210774183273315
    },
    "image_metrics": {
        "avg_ssim": 0.03048578479854631,
        "diversity": 456.0390257266034
    }
}