{
    "llm_time": 2.1293065547943115,
    "ldm_time": 24.71650981903076,
    "pipeline_time": 1087.2445318698883,
    "llm_metrics": {
        "vocab_diversity": 0.782608695652174,
        "avg_sentence_length": 7.666666666666667,
        "perplexity": 17.015520132719516
    },
    "story_context_fid": {
        "context_fid": 0.4734403192996979,
        "avg_similarity": 0.5265598297119141
    },
    "image_metrics": {
        "avg_ssim": 0.24173983389433698,
        "diversity": 3471.0386289722637
    }
}