{
    "llm_time": 1.0777134895324707,
    "ldm_time": 13.74356484413147,
    "pipeline_time": 522.0291497707367,
    "llm_metrics": {
        "vocab_diversity": 0.5797101449275363,
        "avg_sentence_length": 23.0,
        "perplexity": 31.520794196685426
    },
    "story_context_fid": {
        "context_fid": 0.09786292910575867,
        "avg_similarity": 0.758406400680542
    },
    "image_metrics": {
        "avg_ssim": 0.13341076636487406,
        "diversity": 4677.539801950762
    }
}