{
    "llm_time": 0.5508720874786377,
    "ldm_time": 21.213343620300293,
    "pipeline_time": 637.2492492198944,
    "llm_metrics": {
        "vocab_diversity": 0.631578947368421,
        "avg_sentence_length": 19.0,
        "perplexity": 28.332770533120794
    },
    "story_context_fid": {
        "context_fid": 0.060442402958869934,
        "avg_similarity": 0.5166771411895752
    },
    "image_metrics": {
        "avg_ssim": 0.17298754487200307,
        "diversity": 18944.162963326005
    }
}