{
    "llm_time": 1.054926872253418,
    "ldm_time": 20.984398365020752,
    "pipeline_time": 740.1311228275299,
    "llm_metrics": {
        "vocab_diversity": 0.660377358490566,
        "avg_sentence_length": 17.666666666666668,
        "perplexity": 29.859196059120453
    },
    "story_context_fid": {
        "context_fid": 0.09981721639633179,
        "avg_similarity": 0.20901545882225037
    },
    "image_metrics": {
        "avg_ssim": 0.1538324199914107,
        "diversity": 7569.246805235333
    }
}