{
    "llm_time": 0.7074418067932129,
    "ldm_time": 32.595905780792236,
    "pipeline_time": 2040.1474778652191,
    "llm_metrics": {
        "vocab_diversity": 0.7441860465116279,
        "avg_sentence_length": 14.333333333333334,
        "perplexity": 29.08030061206514
    },
    "story_context_fid": {
        "context_fid": 0.32823169231414795,
        "avg_similarity": 0.3492257595062256
    },
    "image_metrics": {
        "avg_ssim": 0.18485847582754875,
        "diversity": 7558.362390798649
    }
}