{
    "llm_time": 0.5692739486694336,
    "ldm_time": 24.245619297027588,
    "pipeline_time": 690.9407556056976,
    "llm_metrics": {
        "vocab_diversity": 0.5757575757575758,
        "avg_sentence_length": 22.0,
        "perplexity": 31.563152616601432
    },
    "story_context_fid": {
        "context_fid": 0.08276793360710144,
        "avg_similarity": 0.6309289932250977
    },
    "image_metrics": {
        "avg_ssim": 0.13300111947468804,
        "diversity": 8901.098757794973
    }
}