{
    "llm_time": 0.539888858795166,
    "ldm_time": 32.90492653846741,
    "pipeline_time": 1921.9163513183594,
    "llm_metrics": {
        "vocab_diversity": 0.5873015873015873,
        "avg_sentence_length": 21.0,
        "perplexity": 27.9301919596343
    },
    "story_context_fid": {
        "context_fid": 0.004929572343826294,
        "avg_similarity": 0.5667645931243896
    },
    "image_metrics": {
        "avg_ssim": 0.14861265487207978,
        "diversity": 14896.425158534359
    }
}