{
    "llm_time": 0.7745609283447266,
    "ldm_time": 24.54743981361389,
    "pipeline_time": 348.1879687309265,
    "llm_metrics": {
        "vocab_diversity": 0.5584415584415584,
        "avg_sentence_length": 25.666666666666668,
        "perplexity": 35.00634599534117
    },
    "story_context_fid": {
        "context_fid": 0.24191835522651672,
        "avg_similarity": 0.7580816745758057
    },
    "image_metrics": {
        "avg_ssim": 0.18868679607640812,
        "diversity": 10001.628123651248
    }
}