{
    "llm_time": 1.0940744876861572,
    "ldm_time": 13.191598892211914,
    "pipeline_time": 402.11013865470886,
    "llm_metrics": {
        "vocab_diversity": 0.5208333333333334,
        "avg_sentence_length": 16.0,
        "perplexity": 22.048081006254062
    },
    "story_context_fid": {
        "context_fid": 0.26214829087257385,
        "avg_similarity": 0.7378516793251038
    },
    "image_metrics": {
        "avg_ssim": 0.10084373599698698,
        "diversity": 2340.7194464337713
    }
}