{
    "llm_time": 0.7437922954559326,
    "ldm_time": 13.620366334915161,
    "pipeline_time": 322.2406475543976,
    "llm_metrics": {
        "vocab_diversity": 0.6111111111111112,
        "avg_sentence_length": 18.0,
        "perplexity": 26.714240673839992
    },
    "story_context_fid": {
        "context_fid": 0.15916477143764496,
        "avg_similarity": 0.6435891389846802
    },
    "image_metrics": {
        "avg_ssim": 0.1183492921601305,
        "diversity": 3505.90783303226
    }
}