{
    "llm_time": 0.7934374809265137,
    "ldm_time": 25.96423602104187,
    "pipeline_time": 760.2972176074982,
    "llm_metrics": {
        "vocab_diversity": 0.532258064516129,
        "avg_sentence_length": 20.666666666666668,
        "perplexity": 27.899460336605824
    },
    "story_context_fid": {
        "context_fid": 0.10045251250267029,
        "avg_similarity": 0.8346374034881592
    },
    "image_metrics": {
        "avg_ssim": 0.09644672655298718,
        "diversity": 1292.8800923440097
    }
}