{
    "llm_time": 1.3843486309051514,
    "ldm_time": 23.72368097305298,
    "pipeline_time": 621.0353260040283,
    "llm_metrics": {
        "vocab_diversity": 0.6486486486486487,
        "avg_sentence_length": 24.666666666666668,
        "perplexity": 39.31911947670567
    },
    "story_context_fid": {
        "context_fid": 0.010886803269386292,
        "avg_similarity": 0.43482697010040283
    },
    "image_metrics": {
        "avg_ssim": 0.10863263684992897,
        "diversity": 6246.9219330829355
    }
}