{
    "llm_time": 1.0649960041046143,
    "ldm_time": 23.979418992996216,
    "pipeline_time": 1215.0006592273712,
    "llm_metrics": {
        "vocab_diversity": 0.625,
        "avg_sentence_length": 18.666666666666668,
        "perplexity": 29.743617492156012
    },
    "story_context_fid": {
        "context_fid": 0.01733189821243286,
        "avg_similarity": 0.7315698266029358
    },
    "image_metrics": {
        "avg_ssim": 0.03443114657248642,
        "diversity": 2849.450875373158
    }
}