{
    "llm_time": 2.365633249282837,
    "ldm_time": 32.02708959579468,
    "pipeline_time": 1837.6954848766327,
    "llm_metrics": {
        "vocab_diversity": 0.44871794871794873,
        "avg_sentence_length": 26.0,
        "perplexity": 29.300693729979248
    },
    "story_context_fid": {
        "context_fid": 0.10326477885246277,
        "avg_similarity": 0.7721178531646729
    },
    "image_metrics": {
        "avg_ssim": 0.1740408081164131,
        "diversity": 15453.572034258345
    }
}