{
    "llm_time": 0.6345429420471191,
    "ldm_time": 32.12756109237671,
    "pipeline_time": 1664.6196422576904,
    "llm_metrics": {
        "vocab_diversity": 0.5932203389830508,
        "avg_sentence_length": 19.666666666666668,
        "perplexity": 26.344619378654745
    },
    "story_context_fid": {
        "context_fid": 0.04158434271812439,
        "avg_similarity": 0.6660603284835815
    },
    "image_metrics": {
        "avg_ssim": 0.17209689203522904,
        "diversity": 8024.089315512504
    }
}