{
    "llm_time": 1.0857713222503662,
    "ldm_time": 21.20618438720703,
    "pipeline_time": 866.0994119644165,
    "llm_metrics": {
        "vocab_diversity": 0.5846153846153846,
        "avg_sentence_length": 21.666666666666668,
        "perplexity": 30.117655743451106
    },
    "story_context_fid": {
        "context_fid": 0.07003754377365112,
        "avg_similarity": 0.6278591752052307
    },
    "image_metrics": {
        "avg_ssim": 0.15555838055412108,
        "diversity": 11333.306802171122
    }
}