{
    "llm_time": 0.48531126976013184,
    "ldm_time": 11.761231184005737,
    "pipeline_time": 244.22704315185547,
    "llm_metrics": {
        "vocab_diversity": 0.6666666666666666,
        "avg_sentence_length": 18.0,
        "perplexity": 31.389465697145912
    },
    "story_context_fid": {
        "context_fid": 0.12036384642124176,
        "avg_similarity": 0.38720905780792236
    },
    "image_metrics": {
        "avg_ssim": 0.05733065532088386,
        "diversity": 2265.996655729402
    }
}