{
    "llm_time": 1.3872623443603516,
    "ldm_time": 13.56490421295166,
    "pipeline_time": 392.062087059021,
    "llm_metrics": {
        "vocab_diversity": 0.53125,
        "avg_sentence_length": 21.333333333333332,
        "perplexity": 26.89729268510998
    },
    "story_context_fid": {
        "context_fid": 0.07366946339607239,
        "avg_similarity": 0.6065871715545654
    },
    "image_metrics": {
        "avg_ssim": 0.10688485659572189,
        "diversity": 3105.2141655889814
    }
}