{
    "llm_time": 0.4029114246368408,
    "ldm_time": 25.06755542755127,
    "pipeline_time": 1570.8096697330475,
    "llm_metrics": {
        "vocab_diversity": 0.66,
        "avg_sentence_length": 16.666666666666668,
        "perplexity": 28.612287532891216
    },
    "story_context_fid": {
        "context_fid": 0.03424915671348572,
        "avg_similarity": 0.6135700941085815
    },
    "image_metrics": {
        "avg_ssim": 0.10993132914326482,
        "diversity": 9094.040977303457
    }
}