{
    "llm_time": 1.2260217666625977,
    "ldm_time": 28.944228172302246,
    "pipeline_time": 1145.0591702461243,
    "llm_metrics": {
        "vocab_diversity": 0.5490196078431373,
        "avg_sentence_length": 17.0,
        "perplexity": 25.323936072690646
    },
    "story_context_fid": {
        "context_fid": 0.0,
        "avg_similarity": 0.037852466106414795
    },
    "image_metrics": {
        "avg_ssim": 0.10326447924849878,
        "diversity": 8810.009984791828
    }
}