{
    "llm_time": 3.3209221363067627,
    "ldm_time": 11.848669528961182,
    "pipeline_time": 219.13251423835754,
    "llm_metrics": {
        "vocab_diversity": 0.5208333333333334,
        "avg_sentence_length": 16.0,
        "perplexity": 22.048081006254062
    },
    "story_context_fid": {
        "context_fid": 0.2556875944137573,
        "avg_similarity": 0.7443124055862427
    },
    "image_metrics": {
        "avg_ssim": 0.08511936872880083,
        "diversity": 530.438594937905
    }
}