{
    "llm_time": 0.9499411582946777,
    "ldm_time": 11.842251062393188,
    "pipeline_time": 265.8749577999115,
    "llm_metrics": {
        "vocab_diversity": 0.6265060240963856,
        "avg_sentence_length": 27.666666666666668,
        "perplexity": 41.657873564908286
    },
    "story_context_fid": {
        "context_fid": 0.0067900121212005615,
        "avg_similarity": 0.6940784454345703
    },
    "image_metrics": {
        "avg_ssim": 0.12321393086491965,
        "diversity": 2823.376506881956
    }
}