{
    "llm_time": 5.679705858230591,
    "ldm_time": 20.930644512176514,
    "pipeline_time": 856.901629447937,
    "llm_metrics": {
        "vocab_diversity": 0.6461538461538462,
        "avg_sentence_length": 21.666666666666668,
        "perplexity": 34.31056401389084
    },
    "story_context_fid": {
        "context_fid": 0.08331933617591858,
        "avg_similarity": 0.636475682258606
    },
    "image_metrics": {
        "avg_ssim": 0.23935494165929602,
        "diversity": 11023.58081527389
    }
}