{
    "llm_time": 0.6047267913818359,
    "ldm_time": 25.959532737731934,
    "pipeline_time": 1721.1801416873932,
    "llm_metrics": {
        "vocab_diversity": 0.8888888888888888,
        "avg_sentence_length": 9.0,
        "perplexity": 23.145587537032977
    },
    "story_context_fid": {
        "context_fid": 0.05630243569612503,
        "avg_similarity": 0.12468839436769485
    },
    "image_metrics": {
        "avg_ssim": 0.16405406376540635,
        "diversity": 6683.747150964641
    }
}