{
    "llm_time": 0.824392557144165,
    "ldm_time": 21.28849983215332,
    "pipeline_time": 616.9286780357361,
    "llm_metrics": {
        "vocab_diversity": 0.6349206349206349,
        "avg_sentence_length": 21.0,
        "perplexity": 32.77844502556331
    },
    "story_context_fid": {
        "context_fid": 0.0845281183719635,
        "avg_similarity": 0.7514970302581787
    },
    "image_metrics": {
        "avg_ssim": 0.19268166720269916,
        "diversity": 7105.503983377696
    }
}