{
    "llm_time": 1.4246187210083008,
    "ldm_time": 13.880950689315796,
    "pipeline_time": 526.2034542560577,
    "llm_metrics": {
        "vocab_diversity": 0.5862068965517241,
        "avg_sentence_length": 29.0,
        "perplexity": 40.157351117831084
    },
    "story_context_fid": {
        "context_fid": 0.07481911778450012,
        "avg_similarity": 0.5682656764984131
    },
    "image_metrics": {
        "avg_ssim": 0.13844750516528434,
        "diversity": 2465.8786495743293
    }
}