{
    "llm_time": 2.4198403358459473,
    "ldm_time": 26.109333753585815,
    "pipeline_time": 1431.2978007793427,
    "llm_metrics": {
        "vocab_diversity": 0.7288135593220338,
        "avg_sentence_length": 19.666666666666668,
        "perplexity": 37.261196823649065
    },
    "story_context_fid": {
        "context_fid": 0.11284670233726501,
        "avg_similarity": 0.15774714946746826
    },
    "image_metrics": {
        "avg_ssim": 0.16939940059240347,
        "diversity": 5027.147829544211
    }
}