{
    "llm_time": 0.3951728343963623,
    "ldm_time": 21.00101137161255,
    "pipeline_time": 313.69412899017334,
    "llm_metrics": {
        "vocab_diversity": 0.6875,
        "avg_sentence_length": 16.0,
        "perplexity": 28.432098875684236
    },
    "story_context_fid": {
        "context_fid": 0.014445245265960693,
        "avg_similarity": 0.6568576097488403
    },
    "image_metrics": {
        "avg_ssim": 0.15588858143835196,
        "diversity": 14034.686177429357
    }
}