{
    "llm_time": 0.5100245475769043,
    "ldm_time": 25.73866868019104,
    "pipeline_time": 1605.7286627292633,
    "llm_metrics": {
        "vocab_diversity": 0.625,
        "avg_sentence_length": 21.333333333333332,
        "perplexity": 29.65224305271101
    },
    "story_context_fid": {
        "context_fid": 0.010391294956207275,
        "avg_similarity": 0.600807785987854
    },
    "image_metrics": {
        "avg_ssim": 0.1178011339118718,
        "diversity": 9890.256935035883
    }
}