{
    "llm_time": 0.4027743339538574,
    "ldm_time": 12.39428162574768,
    "pipeline_time": 262.81097173690796,
    "llm_metrics": {
        "vocab_diversity": 0.6470588235294118,
        "avg_sentence_length": 17.0,
        "perplexity": 27.94446758450704
    },
    "story_context_fid": {
        "context_fid": 0.017775118350982666,
        "avg_similarity": 0.6402255892753601
    },
    "image_metrics": {
        "avg_ssim": 0.06758611071125986,
        "diversity": 5098.416094179458
    }
}