{
    "llm_time": 0.9465625286102295,
    "ldm_time": 11.3388512134552,
    "pipeline_time": 21.05354642868042,
    "llm_metrics": {
        "vocab_diversity": 0.5862068965517241,
        "avg_sentence_length": 9.666666666666666,
        "perplexity": 15.479671789147524
    },
    "story_context_fid": {
        "context_fid": 0.03232816979289055,
        "avg_similarity": 0.14161498844623566
    },
    "image_metrics": {
        "avg_ssim": 0.2437987852021066,
        "diversity": 7272.436245818433
    }
}