{
    "llm_time": 0.6467230319976807,
    "ldm_time": 24.75416851043701,
    "pipeline_time": 1180.0484428405762,
    "llm_metrics": {
        "vocab_diversity": 0.6164383561643836,
        "avg_sentence_length": 24.333333333333332,
        "perplexity": 33.74119384828888
    },
    "story_context_fid": {
        "context_fid": 0.058761611580848694,
        "avg_similarity": 0.532401978969574
    },
    "image_metrics": {
        "avg_ssim": 0.06152447361198745,
        "diversity": 2337.37451041387
    }
}