{
    "llm_time": 0.4398972988128662,
    "ldm_time": 31.98734736442566,
    "pipeline_time": 2207.462147474289,
    "llm_metrics": {
        "vocab_diversity": 0.6851851851851852,
        "avg_sentence_length": 18.0,
        "perplexity": 30.412060291076912
    },
    "story_context_fid": {
        "context_fid": 0.005520343780517578,
        "avg_similarity": 0.5417442917823792
    },
    "image_metrics": {
        "avg_ssim": 0.22225585270063541,
        "diversity": 1993.7126811989406
    }
}