{
    "llm_time": 0.8065063953399658,
    "ldm_time": 21.69472360610962,
    "pipeline_time": 92.8891532421112,
    "llm_metrics": {
        "vocab_diversity": 0.5,
        "avg_sentence_length": 19.333333333333332,
        "perplexity": 23.21182505929986
    },
    "story_context_fid": {
        "context_fid": 0.08056610822677612,
        "avg_similarity": 0.6596039533615112
    },
    "image_metrics": {
        "avg_ssim": 0.2322616364188926,
        "diversity": 10475.4447503439
    }
}