{
    "llm_time": 0.7568867206573486,
    "ldm_time": 24.102095127105713,
    "pipeline_time": 1030.6362867355347,
    "llm_metrics": {
        "vocab_diversity": 0.5844155844155844,
        "avg_sentence_length": 25.666666666666668,
        "perplexity": 33.70060941820894
    },
    "story_context_fid": {
        "context_fid": 0.09422716498374939,
        "avg_similarity": 0.7096495628356934
    },
    "image_metrics": {
        "avg_ssim": 0.11713718959627124,
        "diversity": 863.662795461693
    }
}