{
    "llm_time": 1.1516437530517578,
    "ldm_time": 21.247204065322876,
    "pipeline_time": 929.1594021320343,
    "llm_metrics": {
        "vocab_diversity": 0.6808510638297872,
        "avg_sentence_length": 15.666666666666666,
        "perplexity": 27.7310551649417
    },
    "story_context_fid": {
        "context_fid": 0.008299976587295532,
        "avg_similarity": 0.5482207536697388
    },
    "image_metrics": {
        "avg_ssim": 0.34067901356335867,
        "diversity": 2969.360346528959
    }
}