{
    "llm_time": 1.4213230609893799,
    "ldm_time": 25.322589874267578,
    "pipeline_time": 975.7839267253876,
    "llm_metrics": {
        "vocab_diversity": 0.6206896551724138,
        "avg_sentence_length": 19.333333333333332,
        "perplexity": 29.88524117665289
    },
    "story_context_fid": {
        "context_fid": 0.06754478812217712,
        "avg_similarity": 0.6202635765075684
    },
    "image_metrics": {
        "avg_ssim": 0.17128796923670767,
        "diversity": 3719.67200493058
    }
}