{
    "llm_time": 0.7501671314239502,
    "ldm_time": 12.439481019973755,
    "pipeline_time": 223.0945475101471,
    "llm_metrics": {
        "vocab_diversity": 0.47058823529411764,
        "avg_sentence_length": 17.0,
        "perplexity": 20.69427910731681
    },
    "story_context_fid": {
        "context_fid": 0.2305813729763031,
        "avg_similarity": 0.7694185972213745
    },
    "image_metrics": {
        "avg_ssim": 0.13423380484926326,
        "diversity": 1629.2045194985178
    }
}