{
    "llm_time": 0.7777915000915527,
    "ldm_time": 21.072158336639404,
    "pipeline_time": 606.0502328872681,
    "llm_metrics": {
        "vocab_diversity": 0.7192982456140351,
        "avg_sentence_length": 19.0,
        "perplexity": 35.79236939072711
    },
    "story_context_fid": {
        "context_fid": 0.04907612502574921,
        "avg_similarity": 0.02008894830942154
    },
    "image_metrics": {
        "avg_ssim": 0.21977179038884373,
        "diversity": 21860.53128300781
    }
}