{
    "llm_time": 1.5431149005889893,
    "ldm_time": 21.087655305862427,
    "pipeline_time": 125.10141181945801,
    "llm_metrics": {
        "vocab_diversity": 0.6721311475409836,
        "avg_sentence_length": 20.333333333333332,
        "perplexity": 33.682786557440586
    },
    "story_context_fid": {
        "context_fid": 0.10438330471515656,
        "avg_similarity": 0.5648782253265381
    },
    "image_metrics": {
        "avg_ssim": 0.15444873702826914,
        "diversity": 15426.448558707878
    }
}