{
    "llm_time": 0.7897274494171143,
    "ldm_time": 25.379437685012817,
    "pipeline_time": 416.7537348270416,
    "llm_metrics": {
        "vocab_diversity": 0.4897959183673469,
        "avg_sentence_length": 16.333333333333332,
        "perplexity": 21.152992726367053
    },
    "story_context_fid": {
        "context_fid": 0.0,
        "avg_similarity": 0.716105043888092
    },
    "image_metrics": {
        "avg_ssim": 0.08092719469688024,
        "diversity": 1904.3214879111624
    }
}