{
    "llm_time": 0.7911667823791504,
    "ldm_time": 14.60697889328003,
    "pipeline_time": 289.8099284172058,
    "llm_metrics": {
        "vocab_diversity": 0.4444444444444444,
        "avg_sentence_length": 12.0,
        "perplexity": 15.207738048392038
    },
    "story_context_fid": {
        "context_fid": 0.0,
        "avg_similarity": 0.1092868223786354
    },
    "image_metrics": {
        "avg_ssim": 0.15362126987492877,
        "diversity": 11576.937213431738
    }
}