{
    "llm_time": 0.9283134937286377,
    "ldm_time": 13.77328085899353,
    "pipeline_time": 449.10048627853394,
    "llm_metrics": {
        "vocab_diversity": 0.6888888888888889,
        "avg_sentence_length": 15.0,
        "perplexity": 27.265018082388742
    },
    "story_context_fid": {
        "context_fid": 0.039725035429000854,
        "avg_similarity": 0.7116731405258179
    },
    "image_metrics": {
        "avg_ssim": 0.12107069253880916,
        "diversity": 8758.319930206157
    }
}