{
    "llm_time": 1.217026948928833,
    "ldm_time": 12.127853393554688,
    "pipeline_time": 195.12543439865112,
    "llm_metrics": {
        "vocab_diversity": 0.4444444444444444,
        "avg_sentence_length": 12.0,
        "perplexity": 15.207738048392038
    },
    "story_context_fid": {
        "context_fid": 0.0,
        "avg_similarity": 0.1092868223786354
    },
    "image_metrics": {
        "avg_ssim": 0.051533190017765455,
        "diversity": 2076.5684418880755
    }
}