{
    "llm_time": 1.7306122779846191,
    "ldm_time": 11.4663667678833,
    "pipeline_time": 151.45320892333984,
    "llm_metrics": {
        "vocab_diversity": 0.5633802816901409,
        "avg_sentence_length": 23.666666666666668,
        "perplexity": 30.537931483715784
    },
    "story_context_fid": {
        "context_fid": 0.06456318497657776,
        "avg_similarity": 0.5412949323654175
    },
    "image_metrics": {
        "avg_ssim": 0.03798450376335488,
        "diversity": 613.7733948438987
    }
}